{
  "baseSalary_currency": [
    0.00854951462511907,
    0.9915008914526563
  ],
  "baseSalary_unitText": [
    7.897516957994932e-15,
    1.0
  ],
  "baseSalary_value": [
    0.6207637563731482,
    0.49001184362138195
  ],
  "description": [
    0.6912481335206443,
    0.3300921157307269
  ],
  "employmentType": [
    0.000809825015338766,
    0.9992108171461465
  ],
  "experienceRequirements": [
    0.05949449358035276,
    0.6530616593255688
  ],
  "hiringOrganization_name": [
    0.20674441431965287,
    0.838180948051339
  ],
  "jobBenefits": [
    0.779953541535068,
    0.23699296517519247
  ],
  "jobLocation_address_addressCountry": [
    0.9768897995636855,
    0.0684383246641343
  ],
  "jobLocation_address_addressLocality": [
    1.358078822093718,
    -0.42187592662780393
  ],
  "jobLocation_address_addressRegion": [
    0.15017001053723472,
    0.994322542897756
  ],
  "occupationalCategory": [
    0.9987383607173177,
    0.1817781482677844
  ],
  "qualifications": [
    0.04224545530030378,
    0.970502057634561
  ],
  "skills": [
    0.9205890763315151,
    0.5559870684017634
  ],
  "title": [
    0.6051539429597813,
    0.6144547187220797
  ]
}