{
  "baseSalary_currency": [
    0.052212060954177984,
    0.9519438009208009
  ],
  "baseSalary_unitText": [
    -0.0006568182646103168,
    1.00224483588709
  ],
  "baseSalary_value": [
    0.8098321410654636,
    0.34090234616971044
  ],
  "description": [
    0.13521614051600248,
    0.8996105726234556
  ],
  "employmentType": [
    -0.07700009882953573,
    1.079561248898382
  ],
  "experienceRequirements": [
    -0.2508258856256275,
    1.0858323728557848
  ],
  "hiringOrganization_name": [
    0.20830276092862046,
    0.8915062199872061
  ],
  "jobBenefits": [
    0.3206473919242987,
    0.6876515394591657
  ],
  "jobLocation_address_addressCountry": [
    0.9827972955586053,
    0.06321110078031267
  ],
  "jobLocation_address_addressLocality": [
    1.8909060014299306,
    -0.9934896633666966
  ],
  "jobLocation_address_addressRegion": [
    -0.4160923961059269,
    1.4909908046969698
  ],
  "occupationalCategory": [
    0.1276383184329387,
    0.9783606262400968
  ],
  "qualifications": [
    0.03309119381165535,
    0.9904300316763339
  ],
  "skills": [
    0.312368003107373,
    1.0655751577678145
  ],
  "title": [
    0.26413445864798185,
    0.8519560774803054
  ]
}