{
  "baseSalary_currency": [
    -0.2200625982122329,
    1.218616659420391
  ],
  "baseSalary_unitText": [
    2.013269165427583e-14,
    0.9999999999999901
  ],
  "baseSalary_value": [
    0.0,
    0.0
  ],
  "description": [
    0.8705033825825672,
    0.29853587378056484
  ],
  "employmentType": [
    0.34853305019614256,
    0.6525440711557515
  ],
  "experienceRequirements": [
    0.40437578860241946,
    0.5659894708522885
  ],
  "hiringOrganization_name": [
    0.6204496876782543,
    0.5505798091893033
  ],
  "jobBenefits": [
    0.8493094580878178,
    0.4892166871757393
  ],
  "jobLocation_address_addressCountry": [
    0.003958008879958607,
    0.9960128595768819
  ],
  "jobLocation_address_addressLocality": [
    0.9766425040561264,
    0.09875775021508905
  ],
  "jobLocation_address_addressRegion": [
    0.3956112659661244,
    0.6578205678735043
  ],
  "occupationalCategory": [
    0.8271320451392267,
    0.3467807983851274
  ],
  "qualifications": [
    0.3103986936117855,
    0.7742935186917844
  ],
  "skills": [
    1.169764905233244,
    0.28748082534278596
  ],
  "title": [
    1.1542651262520602,
    0.5190033387903755
  ]
}